{
    "product":[
        {
            "serialNo": 1,
            "name":"Atta",
            "quantity":2,
            "unit":"kilogram",
            "Brand":"aashirvad"
        },
        {
            "serialNo": 2,
            "name":"Salt",
            "quantity":2,
            "unit":"kilogram",
            "Brand":"aashirvad"
        },
        {
            "serialNo":3,
            "name":"Sugar",
            "quantity":2,
            "unit":"kilogram",
            "Brand":"aashirvad"
        },
       {
        "serialNo": 4,
        "name":"Potato",
        "quantity":"2",
        "unit":"kilogram",
        "Brand":"fresh"
       },
       {
        "serialNo":5,
        "name":"Tomato",
        "quantity":"1",
        "unit":"kilogram",
        "Brand":"fresh"
       },
       {
        "serialNo":"6",
        "name":"Onion",
        "quantity":"2",
        "unit":"kilogram",
        "Brand":"fresh"
       },
       {
            "serialNo":7,
            "name":"Oats",
            "quantity":"1",
            "unit":"kilogram",
            "Brand":"quicker"
           
       },
       {
        "serialNo":"8",
        "name":"Bread",
        "quantity":"2",
        "unit":"packet",
        "Brand":"fresh"
       },
       {"serialNo":"9",
        "name":"Carrot",
        "quantity":"1",
        "unit":"kilogram",
        "Brand":"fresh"
    },
    {
        "serialNo":"10",
            "name":"Brocoli",
            "quantity":"1",
            "unit":"kilogram",
            "Brand":"fresh"
    }
       
       
    ]

}